foo,bar
foo,bar
foo,bar
2023-02-06T21:26:42.598Z,2023-02-06T21:26:42.598Z
2023-02-06T21:26:45.896Z,2023-02-06T21:26:45.896Z
2023-02-06T21:26:51.988Z,2023-02-06T21:26:51.988Z
2023-02-06T21:36:25.231Z,2023-02-06T21:36:25.231Z
2023-02-06T21:45:32.466Z,2023-02-06T21:45:32.466Z
2023-02-06T21:47:15.954Z,2023-02-06T21:47:15.954Z
2023-02-06T21:48:21.754Z,2023-02-06T21:48:21.754Z
2023-02-06T23:01:16.261Z,2023-02-06T23:01:16.261Z
2023-02-06T23:02:36.665Z,2023-02-06T23:02:36.665Z
2023-02-06T23:03:31.036Z,2023-02-06T23:03:31.036Z
2023-02-06T23:04:39.120Z,2023-02-06T23:04:39.120Z
2023-02-06T23:05:00.506Z,2023-02-06T23:05:00.506Z
2023-02-06T23:06:12.071Z,2023-02-06T23:06:12.071Z
2023-02-06T23:08:51.383Z,2023-02-06T23:08:51.383Z
2023-02-06T23:09:12.946Z,2023-02-06T23:09:12.946Z
2023-02-06T23:09:27.082Z,2023-02-06T23:09:27.082Z
2023-02-06T23:11:18.872Z,2023-02-06T23:11:18.872Z
2023-02-06T23:11:52.043Z,2023-02-06T23:11:52.043Z
2023-02-06T23:11:55.508Z,2023-02-06T23:11:55.508Z
2023-02-06T23:14:21.651Z,2023-02-06T23:14:21.651Zhello world
